{
    "total_trades": 1147,
    "win_rate": 55.18744551002616,
    "profit_loss": -873.3143092443167,
    "roi_pct": -87.33143092443167,
    "gross_profit": 1145.0995246909706,
    "gross_loss": 2018.413833935288,
    "max_drawdown_pct": 88.30884999723614,
    "sharpe_ratio": -0.2031275005509996,
    "profit_factor": 0.5673264349652111,
    "avg_gain_pct": -0.05826394166942174,
    "avg_gain_usd": -0.7613899819043742,
    "largest_win": 6.770385751332362,
    "largest_loss": -12.217886921598799,
    "average_win": 1.8090039884533502,
    "average_loss": -3.926875163298226,
    "winning_trades": 633,
    "losing_trades": 514,
    "direction_breakdown": {
        "SHORT": {
            "count": 1147,
            "win_count": 633,
            "win_rate": 55.18744551002616,
            "avg_gain_pct": -0.05826394166942174,
            "total_gain_usd": -873.3143092443172,
            "gross_profit": 1145.0995246909706,
            "gross_loss": 2018.413833935288,
            "profit_factor": 0.5673264349652111
        }
    },
    "strength_breakdown": {
        "42": {
            "count": 2,
            "win_count": 1,
            "win_rate": 50.0,
            "avg_gain_pct": -0.09174929436329138,
            "total_gain_usd": -3.4165754506892805
        },
        "45": {
            "count": 11,
            "win_count": 7,
            "win_rate": 63.63636363636363,
            "avg_gain_pct": 0.19354857591381458,
            "total_gain_usd": -5.138494583365184
        },
        "47": {
            "count": 14,
            "win_count": 3,
            "win_rate": 21.428571428571427,
            "avg_gain_pct": -0.9824512390932136,
            "total_gain_usd": -53.87376175566781
        },
        "43": {
            "count": 3,
            "win_count": 0,
            "win_rate": 0.0,
            "avg_gain_pct": -1.689227992645422,
            "total_gain_usd": -16.54069371117063
        },
        "44": {
            "count": 7,
            "win_count": 3,
            "win_rate": 42.857142857142854,
            "avg_gain_pct": -0.5203722326933573,
            "total_gain_usd": -18.018334706775132
        },
        "46": {
            "count": 12,
            "win_count": 6,
            "win_rate": 50.0,
            "avg_gain_pct": -0.40629183847865447,
            "total_gain_usd": -31.514956874152762
        },
        "48": {
            "count": 37,
            "win_count": 25,
            "win_rate": 67.56756756756756,
            "avg_gain_pct": 0.29515479021157054,
            "total_gain_usd": -15.29515861039252
        },
        "49": {
            "count": 31,
            "win_count": 26,
            "win_rate": 83.87096774193549,
            "avg_gain_pct": 0.7605545897486757,
            "total_gain_usd": 58.62174550689239
        },
        "51": {
            "count": 37,
            "win_count": 24,
            "win_rate": 64.86486486486487,
            "avg_gain_pct": 0.10962338165486164,
            "total_gain_usd": -7.966036791560594
        },
        "50": {
            "count": 67,
            "win_count": 44,
            "win_rate": 65.67164179104478,
            "avg_gain_pct": 0.25306372132951604,
            "total_gain_usd": -7.990855955643403
        },
        "54": {
            "count": 55,
            "win_count": 35,
            "win_rate": 63.63636363636363,
            "avg_gain_pct": 0.09898454365226819,
            "total_gain_usd": -35.60684405891169
        },
        "57": {
            "count": 128,
            "win_count": 74,
            "win_rate": 57.8125,
            "avg_gain_pct": 0.065303987172288,
            "total_gain_usd": -39.34732201318472
        },
        "53": {
            "count": 52,
            "win_count": 37,
            "win_rate": 71.15384615384616,
            "avg_gain_pct": 0.44105295944113654,
            "total_gain_usd": 32.27213754949231
        },
        "56": {
            "count": 113,
            "win_count": 60,
            "win_rate": 53.09734513274337,
            "avg_gain_pct": -0.030232400718627365,
            "total_gain_usd": -40.405306698371646
        },
        "59": {
            "count": 48,
            "win_count": 24,
            "win_rate": 50.0,
            "avg_gain_pct": -0.2144962325161021,
            "total_gain_usd": -61.62968349419701
        },
        "58": {
            "count": 144,
            "win_count": 70,
            "win_rate": 48.61111111111111,
            "avg_gain_pct": -0.2093840458131974,
            "total_gain_usd": -162.1875693375139
        },
        "52": {
            "count": 77,
            "win_count": 41,
            "win_rate": 53.246753246753244,
            "avg_gain_pct": -0.15783168160483563,
            "total_gain_usd": -72.86242784606868
        },
        "55": {
            "count": 71,
            "win_count": 37,
            "win_rate": 52.112676056338024,
            "avg_gain_pct": -0.15772063415964796,
            "total_gain_usd": -71.90229618942625
        },
        "60": {
            "count": 63,
            "win_count": 26,
            "win_rate": 41.269841269841265,
            "avg_gain_pct": -0.38316001635557634,
            "total_gain_usd": -149.68355125111555
        },
        "61": {
            "count": 45,
            "win_count": 27,
            "win_rate": 60.0,
            "avg_gain_pct": 0.05049005855013988,
            "total_gain_usd": -34.354128001813116
        },
        "62": {
            "count": 65,
            "win_count": 27,
            "win_rate": 41.53846153846154,
            "avg_gain_pct": -0.43196014002719935,
            "total_gain_usd": -63.99468918564368
        },
        "67": {
            "count": 18,
            "win_count": 9,
            "win_rate": 50.0,
            "avg_gain_pct": -0.26202517668580577,
            "total_gain_usd": -40.76043212459845
        },
        "68": {
            "count": 3,
            "win_count": 1,
            "win_rate": 33.33333333333333,
            "avg_gain_pct": -0.7111752339900949,
            "total_gain_usd": -13.096119944695745
        },
        "70": {
            "count": 6,
            "win_count": 3,
            "win_rate": 50.0,
            "avg_gain_pct": -0.17515261243313632,
            "total_gain_usd": 0.01609849745498959
        },
        "65": {
            "count": 9,
            "win_count": 3,
            "win_rate": 33.33333333333333,
            "avg_gain_pct": -1.3323344631355007,
            "total_gain_usd": -15.746257211981208
        },
        "69": {
            "count": 2,
            "win_count": 2,
            "win_rate": 100.0,
            "avg_gain_pct": 1.0232274747384085,
            "total_gain_usd": 4.287640759756312
        },
        "63": {
            "count": 9,
            "win_count": 8,
            "win_rate": 88.88888888888889,
            "avg_gain_pct": 0.6600273962572369,
            "total_gain_usd": 6.137632120804724
        },
        "66": {
            "count": 5,
            "win_count": 1,
            "win_rate": 20.0,
            "avg_gain_pct": -0.8867404563945437,
            "total_gain_usd": -9.08705537138597
        },
        "39": {
            "count": 1,
            "win_count": 0,
            "win_rate": 0.0,
            "avg_gain_pct": -1.3961505359589954,
            "total_gain_usd": -2.189413623781439
        },
        "64": {
            "count": 9,
            "win_count": 6,
            "win_rate": 66.66666666666666,
            "avg_gain_pct": -0.2211968255787264,
            "total_gain_usd": -4.532406084139798
        },
        "74": {
            "count": 2,
            "win_count": 2,
            "win_rate": 100.0,
            "avg_gain_pct": 1.0629591712143949,
            "total_gain_usd": 1.6505601116722328
        },
        "73": {
            "count": 1,
            "win_count": 1,
            "win_rate": 100.0,
            "avg_gain_pct": 1.0776982149264258,
            "total_gain_usd": 0.8402470858561703
        }
    },