config_id,total_trades,win_rate,profit_loss,roi_pct,max_drawdown_pct,sharpe_ratio,profit_factor,filter_efficiency_pct,total_signals,filtered_signals
5,0,0.0,0.0,0.0,0.0,0.0,0.0,0.0,0,0
1,0,0.0,0.0,0.0,0.0,0.0,0.0,0.0,0,0
3,4,0.0,-2971.155726154424,-29.711557261544243,29.711557261544243,-8.931635486534978,0.0,0.0,0,0
7,0,0.0,0.0,0.0,0.0,0.0,0.0,0.0,0,0
2,66,4.545454545454546,-14139.681566238673,-141.39681566238673,141.39681566238673,-0.7850780795810316,0.03246949496941042,30700.0,0,307
4,0,0.0,0.0,0.0,0.0,0.0,0.0,0.0,0,0
6,139,5.0359712230215825,-10062.181020265873,-100.62181020265872,100.62181020265872,-0.12471953180512552,0.5053657697264867,1300.0,0,13
8,69,18.84057971014493,-9498.757140164505,-94.98757140164506,96.02710229883571,-0.3753399672350865,0.3311587715384706,0.0,0,0
