config_id,total_trades,win_rate,profit_loss,roi_pct,max_drawdown_pct,sharpe_ratio,profit_factor
hybrid_champion,13,62.5,80.59886046607471,8.059886046607478,1.8865935086784418,0.604832856920097,4.878952087603814
