config_id,total_trades,win_rate,profit_loss,roi_pct,max_drawdown_pct,sharpe_ratio,profit_factor
hybrid_champion,9,50.0,25.411130892925712,2.541113089292568,1.3439854285353432,0.3651483716701107,2.819093294154541
