config_id,total_trades,win_rate,profit_loss,roi_pct,max_drawdown_pct,sharpe_ratio,profit_factor
doge_ultra_aggressive,15,80.0,20.385345348772717,2.0385345348772788,0.3146514574850607,0.5477225575051661,7.329296551137566
sol_ultra_aggressive,17,50.0,10.95421641444375,1.095421641444383,0.6582452130568094,0.3210193687528898,2.6352868577300024
