config_id,direction,gain_usd,win_rate,count
doge_ultra_aggressive,SHORT,20.385345348772685,26.666666666666668,15
sol_ultra_aggressive,SHORT,10.954216414443716,17.647058823529413,17
