config_id,direction,gain_usd,outcome_win_rate,pnl_win_rate,count
2,LONG,-5621.421920252659,0.0,0.0,21
2,SHORT,-8518.259645986014,0.0,6.666666666666667,45
3,LONG,-649.9735332845144,0.0,0.0,1
3,SHORT,-2321.18219286991,0.0,0.0,3
6,LONG,-4164.468232164993,0.0,2.4390243902439024,41
6,SHORT,-5897.712788100881,0.0,6.122448979591836,98
8,LONG,-7114.382198991527,0.0,15.789473684210526,38
8,SHORT,-2384.3749411729805,0.0,22.58064516129032,31
