config_id,direction,gain_usd,win_rate,count
adaptive_regime_005,SHORT,-200.01295716927814,0.591715976331361,338
breakout_risk_003,SHORT,-35.438461919002364,0.0,55
ensemble_multi_004,SHORT,-59.068076647455754,0.0,87
hybrid_champion,SHORT,0.6489077656669089,10.526315789473683,19
reversal_confirm_002,SHORT,21.66032417021419,3.076923076923077,65
trend_basic_001,SHORT,-477.3206605274325,0.0,1071
