config_id,signal_strength,gain_usd,outcome_win_rate,pnl_win_rate,count
2,56,-14139.681566238673,0.0,4.545454545454546,66
3,50,-2971.155726154425,0.0,0.0,4
6,53,-707.0252713126451,0.0,0.0,2
6,56,-9355.155748953228,0.0,5.109489051094891,137
8,57,-99.47138400751615,0.0,0.0,1
8,59,-2717.6501093841107,0.0,11.11111111111111,9
8,60,-6681.63564677288,0.0,20.33898305084746,59
