config_id,signal_strength,gain_usd,win_rate,count
hybrid_champion,48,-2.085941300330985,0.0,2
hybrid_champion,49,0.2137154106403858,0.0,3
hybrid_champion,58,3.893716746699458,14.285714285714285,14
